feature,mean_|SHAP|
diabetes_risk_score,0.12760332624841828
diagnosed_diabetes,0.09894435967125463
systolic_bp,0.0944225194173265
Age,0.08246897341255167
hba1c,0.050579927205910584
bmi,0.04184706917321272
diet_score,0.012553617529381986
physical_activity_minutes_per_week,0.008391007217121518
