feature,mean_|SHAP|
smoking,0.18561327844004685
exercise_days,0.16181468383624462
age,0.04661421558317924
alcohol,0.031184245335829825
bmi,0.02588195608391348
blood_glucose,0.014873997427311719
stress_score,0.013211420005962862
hba1c,0.008508208413781988
diet_score,0.006169993393315493
