model,accuracy,precision,recall,f1_score,rank
xgboost_model,0.8809673762438595,0.8363825059272255,0.8809673762438595,0.8273750426887593,2.0
random_forest_model,0.8808414157954403,0.8238725563490432,0.8808414157954403,0.825640917663683,3.0
decision_tree_model,0.8810933366922786,0.8389110688302563,0.8810933366922786,0.8290632671296704,1.0
